num_samples,length_unit,avg_original_length,std_original_length,avg_generated_length,std_generated_length,avg_length_ratio_generated_over_original,std_length_ratio_generated_over_original,p05_original_length,p25_original_length,p50_original_length,p75_original_length,p95_original_length,p05_generated_length,p25_generated_length,p50_generated_length,p75_generated_length,p95_generated_length,p05_length_ratio,p25_length_ratio,p50_length_ratio,p75_length_ratio,p95_length_ratio,avg_precision,std_precision,avg_recall,std_recall,avg_f1,std_f1,p05_f1,p25_f1,p50_f1,p75_f1,p95_f1,corr_f1_vs_original_length,corr_f1_vs_generated_length,corr_f1_vs_length_ratio
57.0,words,140.4561403508772,93.70662237907327,146.0,17.367868526185276,2.6991742399848544,6.517910228236287,21.799999999999997,72.0,103.0,210.0,291.59999999999997,120.0,136.0,145.0,158.0,172.79999999999998,0.46250988767600065,0.6525821596244131,1.4077669902912622,1.9295774647887325,6.373160173160164,0.8165131075340405,0.01220150479740711,0.8178561674921137,0.01675271321424187,0.8171039987028691,0.012193721916833171,0.7932736277580261,0.8115805387496948,0.8177429437637329,0.8247697353363037,0.8325706362724303,-0.12541970483471557,-0.17202801489235214,-0.38363585930564675
