num_samples,length_unit,avg_original_length,std_original_length,avg_generated_length,std_generated_length,avg_length_ratio_generated_over_original,std_length_ratio_generated_over_original,p05_original_length,p25_original_length,p50_original_length,p75_original_length,p95_original_length,p05_generated_length,p25_generated_length,p50_generated_length,p75_generated_length,p95_generated_length,p05_length_ratio,p25_length_ratio,p50_length_ratio,p75_length_ratio,p95_length_ratio,avg_precision,std_precision,avg_recall,std_recall,avg_f1,std_f1,p05_f1,p25_f1,p50_f1,p75_f1,p95_f1,corr_f1_vs_original_length,corr_f1_vs_generated_length,corr_f1_vs_length_ratio
58.0,words,138.3793103448276,94.21807991023894,163.67241379310346,20.77480587114272,3.021226696003683,6.880406307687735,20.85,71.25,103.0,208.75,291.45,127.85,152.25,163.5,175.75,196.6,0.5164714523941873,0.821408471563981,1.3359143063467864,2.248333333333333,7.4048809523809505,0.8184649584622219,0.012179245310778698,0.8190280425137487,0.015666339327883902,0.8186693057931703,0.011551231776159682,0.7932285219430923,0.814096599817276,0.8196104764938354,0.8245099037885666,0.8348015427589416,-0.014054936944631884,-0.11958896565445658,-0.4223063996653122
