num_samples,length_unit,avg_original_length,std_original_length,avg_generated_length,std_generated_length,avg_length_ratio_generated_over_original,std_length_ratio_generated_over_original,p05_original_length,p25_original_length,p50_original_length,p75_original_length,p95_original_length,p05_generated_length,p25_generated_length,p50_generated_length,p75_generated_length,p95_generated_length,p05_length_ratio,p25_length_ratio,p50_length_ratio,p75_length_ratio,p95_length_ratio,avg_precision,std_precision,avg_recall,std_recall,avg_f1,std_f1,p05_f1,p25_f1,p50_f1,p75_f1,p95_f1,corr_f1_vs_original_length,corr_f1_vs_generated_length,corr_f1_vs_length_ratio
58.0,words,138.3793103448276,94.21807991023894,146.63793103448276,16.35537175113936,2.779657573710379,6.379986065881352,20.85,71.25,103.0,208.75,291.45,127.7,137.0,142.5,152.5,178.14999999999998,0.48780667501657704,0.6912267928649436,1.4042922841083292,2.06625,7.383809523809524,0.814852276752735,0.012358200471688629,0.8175182804979128,0.01672546372164712,0.8160895581903129,0.011803362079542343,0.7942197680473327,0.8099018186330795,0.8166315257549286,0.8234096318483353,0.8338747799396515,-0.040895990784627224,0.12315138055502133,-0.339453221903895
