num_samples,length_unit,avg_original_length,std_original_length,avg_generated_length,std_generated_length,avg_length_ratio_generated_over_original,std_length_ratio_generated_over_original,p05_original_length,p25_original_length,p50_original_length,p75_original_length,p95_original_length,p05_generated_length,p25_generated_length,p50_generated_length,p75_generated_length,p95_generated_length,p05_length_ratio,p25_length_ratio,p50_length_ratio,p75_length_ratio,p95_length_ratio,avg_precision,std_precision,avg_recall,std_recall,avg_f1,std_f1,p05_f1,p25_f1,p50_f1,p75_f1,p95_f1,corr_f1_vs_original_length,corr_f1_vs_generated_length,corr_f1_vs_length_ratio
56.0,words,137.28571428571428,93.8131051681944,160.21428571428572,28.05560341744378,2.9031449473583817,5.796201500845519,20.75,71.75,103.0,206.25,291.75,132.0,151.0,162.0,176.0,192.0,0.5020828338527931,0.7282951439983183,1.49583157450401,2.178641975308642,7.703571428571429,0.8180805934326989,0.013290544333916923,0.8181478519524846,0.016879750466580003,0.818019158073834,0.01235242024003171,0.7938767671585083,0.8127762377262115,0.8199700713157654,0.8270295560359955,0.8346333503723145,0.03396146483644034,0.35112483760053287,-0.35327468160392766
